Date,Open,High,Low,Close,Volume,EMA_20,EMA_50,EMA_200,RSI_14,MACD_12_26_9,MACDh_12_26_9,MACDs_12_26_9,BBL_5_2.0_2.0,BBM_5_2.0_2.0,BBU_5_2.0_2.0,BBB_5_2.0_2.0,BBP_5_2.0_2.0,OBV,CMF,return_1d,return_5d,volatility_20d
2025-01-02,589.39,591.13,580.5,584.64,50203975.0,595.7955,592.1750000000001,605.3282,100.0,4.649770377891286,-0.6012835440352422,4.638561145923051,582.0517314790319,590.014,597.9762685209681,2.699010030598633,0.4670948047896098,37888459.0,0.13458023062151192,0.012503420908593466,-0.0070983853311439304,0.008932296605763158
2025-01-03,587.53,592.6,586.43,591.95,37888459.0,595.7955,592.1750000000001,605.3282,100.0,4.649770377891286,-0.6012835440352422,4.638561145923051,582.0517314790319,590.014,597.9762685209681,2.699010030598633,0.4670948047896098,37888459.0,0.13458023062151192,0.012503420908593466,-0.0070983853311439304,0.008932296605763158
2025-01-06,596.27,599.7,593.6,595.36,47679442.0,595.7955,592.1750000000001,605.3282,100.0,4.649770377891286,-0.6012835440352422,4.638561145923051,582.0517314790319,590.014,597.9762685209681,2.699010030598633,0.4670948047896098,85567901.0,0.13458023062151192,0.005760621674127719,-0.0070983853311439304,0.008932296605763158
2025-01-07,597.42,597.75,586.78,588.63,60393052.0,595.7955,592.1750000000001,605.3282,93.14234973870768,4.649770377891286,-0.6012835440352422,4.638561145923051,582.0517314790319,590.014,597.9762685209681,2.699010030598633,0.4670948047896098,25174849.0,0.13458023062151192,-0.011304084923407731,-0.0070983853311439304,0.008932296605763158
2025-01-08,588.7,590.5799,585.195,589.49,47304672.0,595.7955,592.1750000000001,605.3282,93.20646175383173,4.649770377891286,-0.6012835440352422,4.638561145923051,582.0517314790319,590.014,597.9762685209681,2.699010030598633,0.4670948047896098,72479521.0,0.13458023062151192,0.0014610196558109134,-0.0070983853311439304,0.008932296605763158
2025-01-10,585.88,585.95,578.55,580.49,73105046.0,595.7955,592.1750000000001,605.3282,84.32195163297783,4.649770377891286,-0.6012835440352422,4.638561145923051,578.1486060333125,589.184,600.2193939666874,3.7459924121114896,0.10608565374990148,-625525.0,0.13458023062151192,-0.01526743456207913,-0.0070983853311439304,0.008932296605763158
2025-01-13,575.77,581.75,575.35,581.39,47910060.0,595.7955,592.1750000000001,605.3282,84.4812563760134,4.649770377891286,-0.6012835440352422,4.638561145923051,574.719960492291,587.072,599.424039507709,4.20801520348749,0.26999749731800077,47284535.0,0.13458023062151192,0.0015504143051559005,-0.017839344539234858,0.008932296605763158
2025-01-14,584.36,585.0,578.35,582.19,48420580.0,595.7955,592.1750000000001,605.3282,84.63074961556752,4.649770377891286,-0.6012835440352422,4.638561145923051,575.8924701744123,584.4380000000001,592.9835298255879,2.924358041601599,0.36846924381043716,95705115.0,0.13458023062151192,0.0013760126593165278,-0.022121069604944865,0.008932296605763158
2025-01-15,590.325,593.94,589.195,592.78,56900159.0,595.7955,592.1750000000001,605.3282,86.48651479566306,4.649770377891286,-0.6012835440352422,4.638561145923051,574.2408661928856,585.2680000000001,596.2951338071147,3.768233973876761,0.840614348723746,152605274.0,0.13458023062151192,0.01818993799275126,0.007050269269320175,0.008932296605763158
2025-01-16,594.175,594.35,590.93,591.64,43319662.0,595.7955,592.1750000000001,605.3282,85.29259476861311,4.649770377891286,-0.6012835440352422,4.638561145923051,573.7209269017842,585.6980000000001,597.675073098216,4.089845995108706,0.7480572653800123,109285612.0,0.13458023062151192,-0.0019231418064037387,0.0036472204787187934,0.008932296605763158
2025-01-17,596.96,599.36,595.61,597.58,58070628.0,595.7955,592.1750000000001,605.3282,86.34996455576055,4.649770377891286,-0.6012835440352422,4.638561145923051,575.0058858969886,589.116,603.2261141030114,4.790266807559587,0.7999267028674727,167356240.0,0.13458023062151192,0.010039889121763235,0.029440644972350993,0.008932296605763158
2025-01-21,600.67,603.06,598.67,603.05,42532853.0,595.7955,592.1750000000001,605.3282,87.25841229983634,4.649770377891286,-0.6012835440352422,4.638561145923051,577.9648000723367,593.448,608.9311999276632,5.218047723697185,0.8100780214962041,209889093.0,0.13458023062151192,0.009153586130727032,0.0372555427509933,0.008932296605763158
2025-01-22,605.92,607.82,605.36,606.44,48195973.0,595.7955,592.1750000000001,605.3282,87.800303685182,4.649770377891286,-0.6012835440352422,4.638561145923051,585.4852532218894,598.298,611.1107467781106,4.2830652210472495,0.8177304656449579,258085066.0,0.13458023062151192,0.005621424425835464,0.041653068585856934,0.008932296605763158
2025-01-23,605.8,609.75,605.52,609.75,41152102.0,595.7955,592.1750000000001,605.3282,88.322520431027,4.649770377891286,-0.6012835440352422,4.638561145923051,587.2951156148292,601.692,616.0888843851708,4.7854664463449,0.7798522160912806,299237168.0,0.13458023062151192,0.005458083239891831,0.028627821451465918,0.008932296605763158
2025-01-24,609.81,610.78,606.8,607.97,34604693.0,595.7955,592.1750000000001,605.3282,86.18596091916794,4.649770377891286,-0.6012835440352422,4.638561145923051,595.350342637252,604.9580000000001,614.5656573627482,3.176305582453034,0.6567499696480855,264632475.0,0.13458023062151192,-0.002919229192291928,0.02760124399972974,0.008932296605763158
2025-01-27,594.81,599.69,594.64,599.37,70361125.0,595.7955,592.1750000000001,605.3282,76.55085056451333,4.649770377891286,-0.6012835440352422,4.638561145923051,597.0421182024417,605.316,613.5898817975584,2.733739665747601,0.14067652007340176,194271350.0,0.13458023062151192,-0.014145434807638524,0.0029954148398541047,0.008932296605763158
2025-01-28,600.62,605.37,597.25,604.52,44433322.0,595.7955,592.1750000000001,605.3282,78.12776046439258,4.649770377891286,-0.6012835440352422,4.638561145923051,597.6398180698326,605.61,613.5801819301674,2.6321170159566147,0.4316201305346405,238704672.0,0.13458023062151192,0.00859235530640512,0.0024376088218225345,0.008932296605763158
2025-01-29,603.72,604.13,599.22,601.81,37177429.0,595.7955,592.1750000000001,605.3282,75.25969547994967,4.649770377891286,-0.6012835440352422,4.638561145923051,596.1407266226598,604.684,613.2272733773401,2.825698506109023,0.3317974930064328,201527243.0,0.13458023062151192,-0.004482895520412922,-0.007634720664863925,0.008932296605763158
2025-01-30,603.96,606.6,600.715,605.04,39281255.0,595.7955,592.1750000000001,605.3282,76.3729905397821,4.649770377891286,-0.6012835440352422,4.638561145923051,597.1835642108832,603.7420000000001,610.3004357891169,2.1725955090475253,0.5989565226935517,240808498.0,0.13458023062151192,0.0053671424535983725,-0.007724477244772543,0.008932296605763158
2025-01-31,607.5,609.96,601.05,601.82,66671471.0,595.7955,592.1750000000001,605.3282,72.85339260371362,4.649770377891286,-0.6012835440352422,4.638561145923051,597.9004189262282,602.512,607.1235810737717,1.5307848055380577,0.42497150229715913,174137027.0,0.13458023062151192,-0.005321962184318241,-0.010115630705462397,0.008932296605763158
2025-02-03,592.67,600.29,590.49,597.77,65857248.0,595.9835476190475,592.1750000000001,605.3282,68.57293842415471,4.649770377891286,-0.6012835440352422,4.638561145923051,596.4154023854893,602.192,607.9685976145107,1.9185235321992673,0.11724874267751977,108279779.0,0.1751038658083501,-0.006729586919677066,-0.0026694696097570025,0.008932296605763158
2025-02-04,597.83,602.3,597.28,601.78,33457815.0,596.5355907029477,592.1750000000001,605.3282,70.42573630584695,4.649770377891286,-0.6012835440352422,4.638561145923051,596.4847636223981,601.644,606.8032363776019,1.7150462325235283,0.5131802451027823,141737594.0,0.17251818337327346,0.006708265720929418,-0.004532521670085332,0.008633581864367064
2025-02-05,600.64,604.37,598.58,604.22,30653149.0,597.2674392074289,592.1750000000001,605.3282,71.52577099258485,4.649770377891286,-0.6012835440352422,4.638561145923051,596.4634634659043,602.1260000000001,607.7885365340959,1.8808477076544796,0.6848994692918398,172390743.0,0.2252239686269659,0.004054637907541014,0.004004586165068824,0.008590930094819886
2025-02-06,605.99,606.4525,602.63,606.32,35771503.0,598.1295878543405,592.1750000000001,605.3282,72.47471041113558,4.649770377891286,-0.6012835440352422,4.638561145923051,595.9917824763182,602.3820000000001,608.7722175236819,2.1216495591441396,0.8081272261394825,208162246.0,0.30692931802959217,0.003475555261328589,0.002115562607430954,0.008120070568262912
2025-02-07,606.89,608.13,600.05,600.77,50788516.0,598.3810556777366,592.1750000000001,605.3282,66.19591839326074,4.649770377891286,-0.6012835440352422,4.638561145923051,595.6224137535283,602.172,608.7215862464717,2.1753207543597766,0.3929703383358518,157373730.0,0.23367155800504938,-0.009153582266789972,-0.0017447077199164163,0.008463275827111275
2025-02-10,604.03,605.4999,602.74,604.85,26048714.0,598.9971456131902,592.1750000000001,605.3282,68.36562368735048,4.649770377891286,-0.6012835440352422,4.638561145923051,599.0420259569628,603.588,608.1339740430371,1.5063169059150205,0.6388041361491048,183422444.0,0.29828779098635966,0.006791284518201657,0.011844020275356915,0.0076305449889923875
2025-02-11,602.55,605.86,602.43,605.31,30056740.0,599.5983698405055,592.1750000000001,605.3282,68.61024924374071,4.567811402375355,-0.6012835440352422,4.638561145923051,600.0666935289754,604.294,608.5213064710246,1.399089340958069,0.6201710837579413,213479184.0,0.27972391052090656,0.0007605191369759456,0.005865931071155517,0.007635500908831894
2025-02-12,599.2,604.55,598.51,603.36,45076076.0,599.9566203318859,592.1750000000001,605.3282,66.27073444528504,4.295988143468094,-0.6012835440352422,4.638561145923051,599.8104944624915,604.1220000000001,608.4335055375086,1.4273625319086334,0.41163179620541673,168403108.0,0.3027690896952617,-0.003221489815135925,-0.001423322630829893,0.0077253991238645375
2025-02-13,604.48,609.94,603.2,609.73,40921297.0,600.8874183955159,592.1750000000001,605.3282,69.8834333236329,4.542212221036834,-0.6012835440352422,4.638561145923051,598.2555711808126,604.8040000000001,611.3524288191876,2.165471398730004,0.8761207562924325,209324405.0,0.318744968978781,0.010557544417926223,0.005624092888243837,0.0070313081071390554
2025-02-14,609.94,610.99,609.07,609.7,26910448.0,601.7267118816573,592.1750000000001,605.3282,69.84549049041088,4.680966558493424,-0.6012835440352422,4.638561145923051,600.7052230288681,606.59,612.474776971132,1.9402815645269262,0.7642411101776898,182413957.0,0.3432985111865794,-4.9202105850132405e-05,0.01486425753616194,0.006996615458032866
2025-02-18,610.88,611.49,608.38,611.49,26749030.0,602.656548845309,592.1750000000001,605.3282,70.8620458596076,4.879124896290023,-0.6012835440352422,4.638561145923051,601.0773070526471,607.918,614.7586929473529,2.2505314688339095,0.7610846611221058,209162987.0,0.38460293506530174,0.0029358701000492538,0.010977928412002846,0.00671645355257137
2025-02-19,610.08,613.23,609.56,612.93,31011072.0,603.6349727648034,592.1750000000001,605.3282,71.68890139240808,5.093646387198646,-0.6012835440352422,4.638561145923051,602.1275840971435,609.442,616.7564159028565,2.4003648921001397,0.738433256074336,240174059.0,0.37010107666046343,0.0023549035961338838,0.012588590969916158,0.006458350035132594
2025-02-20,611.54,611.684,607.02,610.38,36554002.0,604.2773563110126,592.1750000000001,605.3282,68.00849225943287,5.000252724665984,-0.6012835440352422,4.638561145923051,608.1012377152185,610.846,613.5907622847815,0.898675700514196,0.4151110457572632,203620057.0,0.4024291948130406,-0.00416034457442116,0.011634844868735117,0.006446990646165453
2025-02-21,610.16,610.3,599.47,599.94,76519818.0,603.8642747575828,592.1750000000001,605.3282,55.455817222927294,4.0372776018878085,-0.6012835440352422,4.638561145923051,598.5894428195033,608.888,619.1865571804967,3.382742698327668,0.06557021322629447,127100239.0,0.25487045381438056,-0.01710409908581534,-0.016056287209092468,0.007407402841502425
2025-02-24,602.02,603.03,596.49,597.21,50737213.0,603.2305343044798,592.1750000000001,605.3282,52.71575513930073,3.0190232737637643,-1.2956302977274294,4.314653571491194,591.8787423012352,606.3900000000001,620.901257698765,4.786113787748772,0.18369385374565406,76363026.0,0.2208624394079447,-0.004550455045504553,-0.020485484664589104,0.007441049250995232
2025-02-25,597.15,597.89,589.56,594.24,58266472.0,602.3742929421483,592.1750000000001,605.3282,49.83111034384365,1.9499177657035034,-1.8917886446301524,3.841706410333656,586.4270777873822,602.94,619.4529222126179,5.477467811927491,0.23656994540456852,18096554.0,0.16040327159576492,-0.00497312503139602,-0.02820978266202223,0.006837722313667936
2025-02-26,595.93,599.58,591.8556,594.54,43321578.0,601.6281698048008,592.1750000000001,605.3282,50.12797493740625,1.114009829010115,-2.182157265058833,3.296167094068948,586.003113168898,599.2620000000001,612.5208868311021,4.425071781992523,0.3219307525529418,61418132.0,0.10386198140535986,0.0005048465266557223,-0.030003426166120062,0.006508699253424359
2025-02-27,596.85,598.02,584.65,585.05,74196664.0,600.0492964900578,592.1750000000001,605.3282,41.71828471072484,-0.3106361023480986,-2.8854425571336373,2.5748064547855387,582.9778308089077,594.196,605.4141691910924,3.77591541884911,0.09235772592633215,-12778532.0,0.01875612862378744,-0.015961920139940133,-0.04149873849077634,0.007306668736950458
2025-02-28,585.56,594.72,582.44,594.18,88744106.0,599.490315871957,592.1750000000001,605.3282,50.348497128193344,-0.6949525887130221,-2.6158072347988486,1.9208546460858265,583.7586071704008,593.044,602.3293928295992,3.131434709599703,0.5611713484204307,75965574.0,0.08435862358730435,0.015605503803093779,-0.009600960096009747,0.008118273416357642
2025-03-03,596.18,597.34,579.9,583.77,74249199.0,597.9931429317706,592.1750000000001,605.3282,42.602325702017154,-1.818562911777235,-2.9915340462904494,1.1729711345132143,579.4590591448806,590.356,601.2529408551194,3.691650751451462,0.1978050955968114,1716375.0,0.09832630631819461,-0.017519943451479336,-0.022504646606721357,0.008891415995396789
2025-03-04,579.71,585.39,572.25,576.86,109648212.0,595.9804626525545,592.1750000000001,605.3282,38.38117498176845,-3.2293850975195255,-3.521884985626192,0.2924998881066663,571.8671055422358,586.8800000000001,601.8928944577644,5.116171775410417,0.16628686999068404,-107931837.0,0.02860237656441564,-0.011836853555338478,-0.029247442110931554,0.009120399698393542
2025-03-05,576.69,584.88,573.0795,583.06,71230528.0,594.7499423999302,592.1750000000001,605.3282,43.76513168841831,-3.803341110878705,-3.276672799188297,-0.5266683116904081,572.1362805301545,584.5840000000001,597.0317194698456,4.258658967691739,0.4387839674692225,-36701309.0,0.04967576780958356,0.010747841764032762,-0.019309045648736922,0.009358930367193048
2025-03-06,575.48,580.1736,570.12,572.71,80094868.0,592.6509002666035,592.1750000000001,605.3282,37.823766304975976,-5.035319855124385,-3.6069212347471815,-1.4283986203772034,565.8290322036306,582.116,598.4029677963694,5.5957808396846564,0.2112415239718009,-116796177.0,-0.015648903464459536,-0.017751174836208805,-0.021092214340654558,0.009926187807528557
2025-03-07,570.9,577.39,565.63,575.92,81158816.0,591.0574811935936,592.1750000000001,605.3282,40.520717627910756,-5.687094428477849,-3.4069566464805163,-2.2801377819973325,568.9020901489306,578.464,588.0259098510695,3.305965401846773,0.3669721823556221,-35637361.0,0.009556654643111706,0.005604930942361586,-0.03073142818674479,0.0100061913715205
2025-03-10,567.59,569.54,555.59,560.58,99326624.0,588.1548639370609,592.1750000000001,605.3282,33.125984549307226,-7.3566375337721865,-4.061199801419884,-3.2954377323523034,557.2260385542623,573.826,590.4259614457377,5.78571254900882,0.10102316974353222,-134963985.0,0.02066517021855699,-0.026635643839421963,-0.03972454905185252,0.011296480751053911
2025-03-11,559.4,564.02,552.02,555.92,88102109.0,585.0848768954361,592.1750000000001,605.3282,31.259709895892357,-8.952585692805997,-4.525718368362954,-4.426867324443043,547.2933881215183,569.6379999999999,591.9826118784815,7.845197082526659,0.1930356169396989,-223066094.0,-0.016564007251719484,-0.00831281886617441,-0.03629996879658848,0.01108250257337807
2025-03-12,562.17,563.11,553.69,558.87,69588167.0,582.5882219530135,592.1750000000001,605.3282,33.8022666995881,-9.865621023184985,-4.351002958993554,-5.514618064191431,546.9660380173113,564.8,582.6339619826886,6.315142345144691,0.33374417850177684,-153477927.0,-0.02663839250839671,0.005306518923586134,-0.04148801152540038,0.011234104493805698
2025-03-13,558.49,559.105,549.68,551.42,74079414.0,579.6198198622503,592.1750000000001,605.3282,30.712708622912395,-11.062835358687835,-4.438573835597123,-6.624261523090712,541.9987079513916,560.542,579.0852920486085,6.616200765904593,0.2540350446919535,-227557341.0,-0.08293790155879728,-0.013330470413513096,-0.0371741369977826,0.011426646328015272
2025-03-14,556.11,563.83,551.4917,562.81,62660321.0,578.018884637274,592.1750000000001,605.3282,39.77575202337484,-10.966147611760562,-3.4735088709358797,-7.492638740824682,549.0803054351414,557.92,566.7596945648585,3.1688036151629335,0.7765932671157995,-164897020.0,-0.07104821631515891,0.020655761488520552,-0.022763578274760388,0.012312455609653024
2025-03-17,562.79,569.71,562.35,567.15,49008709.0,576.9837527670575,592.1750000000001,605.3282,42.843614726305084,-10.419213934119398,-2.3412601546357727,-8.077953779483625,547.0839168727127,559.2339999999999,571.3840831272871,4.345259096295,0.8257590881095271,-115888311.0,-0.051917005419741376,0.007711305769265042,0.01172000428127995,0.012560761476893138
2025-03-18,564.8,565.02,559.06,561.02,66041422.0,575.463395360671,590.9532352941177,605.3282,39.762593662521276,-10.360970010792357,-1.8264129850469857,-8.534557025745372,548.6509952167557,560.254,571.8570047832443,4.142051563485231,0.5330086910377789,-181929733.0,-0.08609001027413979,-0.010808428105439472,0.009173981867894643,0.012564055425145727
2025-03-19,562.83,570.95,561.63,567.13,66555985.0,574.6697386596547,590.0189907727797,605.3282,44.07924533350432,-9.709856167606972,-0.9402393134892808,-8.769616854117691,549.0083986726218,561.9060000000001,574.8036013273784,4.590661543880404,0.7025182771354048,-115373748.0,-0.09375424853564236,0.010890877330576476,0.01477982357256602,0.012938653243549236
2025-03-20,563.33,570.57,562.6012,565.49,62958195.0,573.7954778349257,589.057069566004,605.3282,43.18470884958912,-9.219896818471852,-0.36022397148332885,-8.859672846988524,559.2753696176884,564.72,570.1646303823117,1.9282583872756869,0.570711870772857,-178331943.0,-0.1151509749763165,-0.002891753213548953,0.025515940662290237,0.012939881971854326
2025-03-21,559.28,564.89,558.03,563.98,83762964.0,572.8606704220756,588.0736550732196,605.3282,42.33286623108412,-8.851411324779406,0.00660921776729495,-8.8580205425467,559.8286005033763,564.9540000000001,570.0793994966239,1.8144484317745513,0.4049830163832459,-262094907.0,-0.024176544816930524,-0.002670250579143718,0.0020788543202858722,0.012551537912922963
2025-03-24,570.8,575.15,570.2,574.08,58766795.0,572.9767970485445,587.5248842860345,605.3282,49.50729192900044,-7.6561430738833,0.9615019749307212,-8.61764504881402,556.586733880387,566.34,576.0932661196131,3.444314764845515,0.8967901575265891,-203328112.0,0.025845572983290623,0.017908436469378453,0.012218989685268467,0.013383617477272881
2025-03-25,575.3,576.41,573.69,575.46,38355735.0,573.2132925677308,587.0517515689352,605.3282,50.41501086290389,-6.522344380743789,1.676240534456186,-8.198584915199975,558.8214885768577,569.2280000000001,579.6345114231424,3.6563596390698696,0.7994279132842279,-164972377.0,0.029225335943054733,0.0024038461538462563,0.025738832840183967,0.013395760119868408
2025-03-26,575.19,576.33,567.19,568.59,52228898.0,572.7729789898517,586.3277613113298,605.3282,45.98317172563686,-6.107746038474943,1.6726711013800264,-7.780417139854969,559.3281110681096,569.52,579.7118889318904,3.5791153715024544,0.4543754839649997,-217201275.0,0.013179959335141876,-0.011938275466583215,0.002574365665720446,0.013584445320334915
2025-03-27,567.18,570.9,564.94,567.08,42164248.0,572.2307905146278,585.572947142258,605.3282,45.04586031796711,-5.833770174435585,1.5573175723355073,-7.391087746771093,560.1901152577371,569.8380000000001,579.485884742263,3.3861851060346733,0.35706711503722094,-259365523.0,0.05426898064930907,-0.0026556921507588926,0.002811720808502338,0.013192110017413338
2025-03-28,565.53,566.2675,555.07,555.66,71662653.0,570.652619989425,584.3998903915813,605.3282,38.63217081034923,-6.463632159311487,0.7419644699676855,-7.205596629279173,552.4916302811089,568.174,583.8563697188911,5.5202700999662415,0.10101693097677848,-331028176.0,-0.04855532128982644,-0.020138252098469533,-0.014752296180715718,0.013177408767238429
2025-03-31,549.83,560.7112,546.87,559.39,95328213.0,569.5799895142418,583.4191103762253,605.3282,41.55900460796751,-6.585904288096685,0.4957538729459898,-7.081658161042675,549.5817571246645,565.2360000000001,580.8902428753357,5.539011271516896,0.31327745945442986,-235699963.0,0.03540313998182092,0.006712738005254959,-0.02558876811594213,0.012908854153644891
2025-04-01,557.45,562.94,553.68,560.97,54609641.0,568.7599905128855,582.5387531065694,605.3282,42.80340577144588,-6.480608613633876,0.48083963792703965,-6.961448251560916,551.5337471336517,562.338,573.1422528663483,3.8426188044728593,0.4366915964980415,-181090322.0,0.08368432996356909,0.0028245052646633795,-0.02517985611510798,0.012739087033719697
2025-04-02,555.05,567.42,554.81,564.52,76014544.0,568.3561818926106,581.8321353376843,605.3282,45.60593572876833,-6.04106802978265,0.7363041774226131,-6.777372207205263,552.6306024490077,561.524,570.4173975509923,3.16759303288632,0.6684395633289608,-105075778.0,0.07741276181044489,0.006328324152806708,-0.007158057651383332,0.012555780612076477
2025-04-03,545.11,547.97,536.7,536.7,125985998.0,565.3413074266477,580.062247677383,605.3282,32.26415398442118,-7.847113805628169,-0.8557932787383242,-6.991320526889845,533.5421678998491,555.448,577.3538321001508,7.887626600564179,0.07207742864351588,-231061776.0,0.013457440408378514,-0.049280804931623234,-0.05357268815687377,0.01616042431454472
2025-04-04,523.67,525.87,505.06,505.28,217965131.0,559.6211829098241,577.1296105135641,605.3282,23.796842510402726,-11.679119882935879,-3.7502394848368272,-7.928880398099052,495.4819220285235,545.3720000000001,595.2620779714766,18.295797353540905,0.0981966592343098,-449026907.0,-0.1640585046342795,-0.05854294764300372,-0.09066695461253282,0.02019953423304279
2025-04-07,489.19,523.17,481.8,504.38,256611355.0,554.3601178707933,574.2766846110713,605.3282,23.605741094125175,-14.62010333515218,-5.352978349642502,-9.267124985509678,476.3386326199355,534.37,592.4013673800645,21.719545401150697,0.24160526148223727,-705638262.0,-0.11875512458151269,-0.0017811906269790123,-0.09833926241084034,0.01964091773123731
2025-04-08,521.86,524.98,489.16,496.48,165816581.0,548.8477256926225,571.2258342341667,605.3282,21.940203336082376,-17.387881215547736,-6.496604984030446,-10.89127623151729,464.34110047968784,521.4720000000001,578.6028995203123,21.911396784606744,0.281274229796483,-871454843.0,-0.1511437150868162,-0.01566279392521508,-0.11496158439845272,0.01977290056808147
2025-04-09,493.44,548.62,493.05,548.62,241867317.0,548.8260375314203,570.339330930866,605.3282,48.01190452246515,-15.198899427076412,-3.4460985564472963,-11.752800870629116,472.4961346844499,518.292,564.0878653155502,17.671839548189105,0.8311215957055188,-629587526.0,-0.018165566514755198,0.10501933612632941,-0.028165521150712025,0.03163825982988713
2025-04-10,532.17,533.495,509.32,524.58,162331225.0,546.5168910998565,568.5448473649498,605.3282,41.18223098941857,-15.228399171982687,-2.7804786410828566,-12.44792053089983,473.8136675240231,515.868,557.922332475977,16.30429973403155,0.6035802911029039,-791918751.0,0.026178311677183166,-0.04381903685611166,-0.022582448295137003,0.03299629184200063
2025-04-11,523.01,536.43,520.07,533.94,97866334.0,545.3190919474891,567.1877945271086,605.3282,44.4929708882539,-14.33130183056187,-1.5067050397296295,-12.82459679083224,478.9528523814311,521.6,564.2471476185689,16.35243390282549,0.6446755608413437,-694052417.0,0.03329943019863619,0.017842845705135613,0.05672102596580131,0.03290055538168637
2025-04-14,544.05,544.28,533.86,539.12,68033993.0,544.7287022382045,566.0870967025161,605.3282,46.29463080329512,-13.0519087359379,-0.18184955608452746,-12.870059179853373,488.70044449153755,528.548,568.3955555084625,15.078121763193685,0.6326555652548722,-626018424.0,0.026222554775231166,0.009701464584035646,0.06887664062809784,0.03293487038357392
2025-04-15,539.675,543.23,536.81,537.61,56892874.0,544.0507305964708,564.9703478122213,605.3282,45.827665685661664,-12.021251368515436,0.6790462490703497,-12.700297617585786,519.3597667409676,536.774,554.1882332590324,6.4884786740909055,0.5240033536810011,-682911298.0,0.0167419333417261,-0.002800860661819282,0.08284321624234603,0.032871120771531766
2025-04-16,531.68,537.8854,520.29,525.66,83484814.0,542.2992324444259,563.4287655450754,605.3282,42.19988731168322,-12.03003831576541,0.5362074414563018,-12.566245757221711,518.7277634924908,532.182,545.6362365075092,5.056253878375902,0.2576228128456074,-766396112.0,-0.0044665976073774505,-0.022228009151615602,-0.04185046115708513,0.033041067681167394
2025-04-17,527.64,531.165,523.91,526.41,79868083.0,540.7859722116234,561.9770492491901,605.3282,42.50749859200745,-11.839999162576419,0.5809972757162356,-12.420996438292654,520.0631179420872,532.548,545.0328820579128,4.688734933907495,0.2541826998633997,-686528029.0,-0.007958920838131487,0.0014267777650953661,0.0034885050897859315,0.03305786870159888
2025-04-21,521.16,521.7,508.46,513.88,69368129.0,538.2234986676593,560.0908904551043,605.3282,38.79299038732697,-12.5557234822993,-0.10778163520531514,-12.447941847093984,507.9946241940809,528.5360000000001,549.0773758059191,7.7729334637258765,0.14325661196031395,-755896158.0,-0.04305167596452041,-0.02380273930966348,-0.03756976439300308,0.03338065509376242
2025-04-22,520.14,529.305,519.1925,527.25,75948117.0,537.1784035564536,558.8030123980413,605.3282,44.3782742686017,-11.90683828000465,0.43288285367146884,-12.339721133676118,509.3274676334624,526.162,542.9965323665376,6.398992084771463,0.5323145299290474,-679948041.0,-0.03720858032216699,0.026017747334007968,-0.022017361626354037,0.03370998998661122
2025-04-23,540.43,545.43,533.88,535.42,90590658.0,537.0109365510771,557.8860315196868,605.3282,47.52919275621628,-10.611024081283745,1.3829576419138991,-11.993981723197644,510.3260741656545,525.7239999999999,541.1219258343453,5.857798325488438,0.814847600394752,-589357383.0,-0.07202105717449958,0.015495495495495337,-0.004073584940756381,0.03396130457486445
2025-04-24,536.715,547.43,535.4504,546.69,64150418.0,537.9327521176411,557.4469714600913,605.3282,51.6021108154351,-8.57583034631682,2.7345211015046598,-11.31035144782148,505.6768971057311,529.9300000000001,554.183102894269,9.153323229207244,0.8455227991458443,-525206965.0,-0.02953988452925315,0.021048896193642586,0.04000684853327252,0.03430690416712781
2025-04-25,546.65,551.05,543.69,550.64,61119590.0,539.1429662016753,557.1800314028328,605.3282,52.97973532105019,-6.568475364832011,3.7935008663915752,-10.361976231223586,504.9882823969344,534.7760000000001,564.5637176030657,11.140259698664732,0.7662842486187541,-464087375.0,0.0005909036698517581,0.007225301359088165,0.046028760851807515,0.034359199987496376
2025-04-28,551.39,553.55,545.02,550.85,47613755.0,540.2579218015157,556.9317948772316,605.3282,53.05624021035183,-4.904154791135056,4.366257152070824,-9.27041194320588,521.2969887174856,542.1700000000001,563.0430112825145,7.699803118031032,0.7079240001003423,-416473620.0,0.037824599363532406,0.0003813744006975206,0.07194286603876399,0.034060213363035066
2025-04-29,548.91,555.45,548.55,554.32,47775121.0,541.5971673442285,556.8293715487127,605.3282,54.37717435048327,-3.2675030050062333,4.802327150559718,-8.06983015556595,532.9504180734871,547.5840000000001,562.217581926513,5.344780682603212,0.7301555433873564,-368698499.0,0.017672877980239404,0.006299355541435903,0.05134186818397346,0.03405611786192072
2025-04-30,547.57,556.52,541.52,554.54,93101463.0,542.8298180733495,556.7395922722926,605.3282,54.464658582070925,-1.9304396055605366,4.911512440004332,-6.841952045564868,544.9698418783041,551.408,557.8461581216959,2.3351703717377665,0.7432372691690694,-275597036.0,0.03438306776029131,0.0003968826670512904,0.03571028351574457,0.03405016433794302
2025-05-01,560.37,564.0699,557.86,558.47,63186146.0,544.319359209221,556.8074513988694,605.3282,56.08467082672121,-0.5473792258744652,5.035658255752323,-5.583037481626788,547.3368295494863,553.7640000000001,560.1911704505139,2.3212669839548297,0.8661020068032961,-212410890.0,-0.007737101940668499,0.007086954953655411,0.021547860762040516,0.034058049773346845
2025-05-02,564.73,568.38,562.38,566.76,60717270.0,546.4565630940572,557.1977474224432,605.3282,59.368490641032984,1.203763569900957,5.429440841222196,-4.225677271321239,544.802997743129,556.988,569.1730022568711,4.375319488703896,0.9009847431291849,-151693620.0,0.06516616323349086,0.014844127706054033,0.029275025424960077,0.032138729023841905
2025-05-05,562.57,566.65,561.7,563.51,38659222.0,548.0806999422422,557.4452867392101,605.3282,57.55157848699524,2.3027641811791,5.222753162000272,-2.919988980821172,548.5072528404604,559.52,570.5327471595396,3.9364981268013914,0.6811537095239562,-190352842.0,0.17667459117072504,-0.005734349636530411,0.022982663156939198,0.028793700909689357
2025-05-06,557.93,563.3476,556.96,558.8,48264708.0,549.1015856620286,557.4984127494372,605.3282,54.92800070997727,2.761835723563081,4.545459763507402,-1.7836240399443213,550.8899871929572,560.416,569.9420128070429,3.399621997602812,0.41517962274807474,-238617550.0,0.17250496146347388,-0.008358325495554708,0.008081974310867102,0.028922689724302682
2025-05-07,560.15,563.82,556.04,561.15,55733229.0,550.2490536942164,557.6416122494593,605.3282,56.00562045335002,3.277497635988425,4.048897340746197,-0.7713997047577722,554.808506512021,561.738,568.6674934879791,2.467162089080324,0.4575726565715001,-182884321.0,0.2562328314159927,0.004205440229062329,0.011919789374977396,0.02849490855916557
2025-05-08,565.24,570.31,561.7,565.06,65130787.0,551.6596200090529,557.9325294161472,605.3282,57.812926473295796,3.9560646883332993,3.781971514472857,0.1740931738604421,556.7561492081209,563.056,569.3558507918792,2.2377350714242206,0.6590513859933922,-117753534.0,0.1087483458058525,0.006967833912500998,0.011800096692749618,0.01661186833188721
2025-05-09,566.48,567.5,562.7637,564.34,37603427.0,552.867275246286,558.1838027723767,605.3282,57.34575512853743,4.385186285602572,3.3688744893937037,1.0163117962088681,557.4294442151843,562.572,567.7145557848157,1.8282302655715985,0.6718989617205856,-155356961.0,0.07686182858700637,-0.0012742009698083478,-0.004269884960124148,0.012767473690069336
2025-05-12,581.47,583.0,577.04,582.99,78993570.0,555.7361061752111,559.1565948205188,605.3282,65.19199230490325,6.159168320094409,4.1142852191084325,2.0448831009859765,547.3220688395699,566.4680000000001,585.6139311604303,6.759757359790922,0.9314754884877763,-76363391.0,0.08627173915596151,0.033047453662685466,0.03456904047842979,0.014040777174642069
2025-05-13,583.41,589.08,582.84,586.84,67947225.0,558.698381777572,560.2422185530475,605.3282,66.55952642229843,7.785972839196688,4.592871790568569,3.193101048628119,548.2949461966062,572.076,595.8570538033938,8.313949126827126,0.8104151759223776,-8416166.0,0.10067067413416943,0.006603886859122943,0.05017895490336444,0.013997367932484527
2025-05-14,587.81,588.98,585.535,587.59,66283531.0,561.4499644654222,561.314680570575,605.3282,66.83289699366317,9.031634808986837,4.670827008286974,4.360807800699863,553.9753164115658,577.364,600.7526835884343,8.101884976699004,0.7186099949006277,57867365.0,0.14278713985639258,0.0012780314906959411,0.04711752650806389,0.013917296621487649
2025-05-15,585.56,590.97,585.0969,590.46,71268145.0,564.2128249925249,562.4576342736897,605.3282,67.91383905322915,10.133602052452147,4.618235401401827,5.5153666510503205,561.5127955434984,582.4440000000001,603.3752044565017,7.187370616403166,0.6914844417257134,129135510.0,0.21538147255490311,0.004884358140880618,0.04495097865713382,0.012410995004953757
2025-05-16,591.25,594.5,589.28,594.2,76052101.0,567.0687464218083,563.7024329296233,605.3282,69.3171841403621,11.17983163576605,4.531571987772583,6.648259647993466,580.0350621049998,588.416,596.7969378950003,2.8486437809305714,0.8450687782479889,205187611.0,0.28803211664840234,0.006334044643159675,0.05291136548888975,0.012366291151461399
2025-05-19,588.1,595.54,588.1,594.85,68168509.0,569.7145800959217,564.9239061480696,605.3282,69.56631509866095,11.923973541373584,4.220571114704095,7.70340242666949,583.4352399740071,590.7880000000001,598.1407600259931,2.4891365518571824,0.7762228051534509,273356120.0,0.34157493757570406,0.0010939077751599413,0.020343402116674403,0.01026776724514665
2025-05-20,593.09,594.05,589.6,592.85,60614492.0,571.9179534201197,566.0190470834394,605.3282,67.74366829994652,12.211560805979161,3.606526703447736,8.605034102531425,586.0314599103609,591.9900000000001,597.9485400896393,2.0130543048494736,0.5721653280050327,212741628.0,0.3321372188967333,-0.003362192149281351,0.010241292345443354,0.009538568164630128
2025-05-21,588.44,592.58,581.82,582.86,95197657.0,572.9600530943941,566.6794766095791,605.3282,59.37549042036219,11.500792300402622,2.3166065582969573,9.184185742105665,581.2958453028361,591.0440000000001,600.792154697164,3.2986223351100605,0.08022824553753408,117543971.0,0.32275545273930606,-0.016850805431390725,-0.0080498306642387,0.010521693350872972
2025-05-22,582.66,586.62,581.405,583.09,70860417.0,573.9248099425471,567.3230265464583,605.3282,59.49953256323752,10.831206806855107,1.3176168517995528,9.513589955055554,577.4420075857608,589.57,601.6979924142393,4.114182341109351,0.23284943712563685,188404388.0,0.2572599768150621,0.0003946059087946985,-0.012481793855637968,0.009779287599497458
2025-05-23,575.98,581.8101,575.6,579.11,76029046.0,574.4186375670664,567.7852607995385,605.3282,56.29621325398467,9.865677353997626,0.28166991915365713,9.584007434843969,572.7853271993611,586.552,600.318672800639,4.694101392762775,0.22970956353177077,112375342.0,0.2198489968695448,-0.006825704436707936,-0.025395489734096333,0.00998301620592186
2025-05-27,586.07,591.31,578.43,591.15,72588475.0,576.0121006559172,568.7015250819095,605.3282,62.81775634789849,9.957234878351414,0.2985819548059574,9.658652923545457,574.019286995782,585.812,597.6047130042181,4.026108377506114,0.7263262066197427,184963817.0,0.2562391145358712,0.020790523389338844,-0.0062200554761705495,0.010760298574650344
2025-05-28,591.56,592.7688,586.985,587.73,68445512.0,577.1280910696394,569.4477397845797,605.3282,60.075470131895045,9.642674706510775,-0.012782573627745819,9.65545728013852,575.4087420336226,584.788,594.1672579663774,3.2077463854858155,0.6568354346658574,116518305.0,0.19013671972739535,-0.0057853336716569,-0.00863624862950152,0.010938048393738176
2025-05-29,593.06,593.2,586.07,590.05,70073758.0,578.358749063007,570.2556715577334,605.3282,61.30937772535891,9.47140762365541,-0.14723972518648942,9.618647348841899,576.1461825413428,586.226,596.3058174586572,3.4388844775418366,0.6896859747552102,186592063.0,0.14745774769699907,0.003947390808704654,0.012335723844490776,0.010922602117967892
2025-05-30,588.93,591.1299,583.235,589.39,90601242.0,579.4093443903397,571.0060373789988,605.3282,60.7343118788137,9.176638169866692,-0.3536073431801654,9.530245513046857,577.7988373607207,587.486,597.1731626392793,3.2978360809548946,0.5982743900819674,95990821.0,0.22018398782758292,-0.001118549275485048,0.010804507022929455,0.010921615256914954
2025-06-02,587.76,592.79,585.06,592.71,61630502.0,580.6760734960217,571.8571731680577,605.3282,62.63301704754547,9.105959672797212,-0.3394286721997162,9.445388344996928,586.4667594354144,590.206,593.9452405645857,1.2670967643791005,0.8348273475255109,157621323.0,0.2442289991524223,0.005632942533806196,0.02348431213413682,0.010573623380629062
2025-06-03,592.34,597.08,591.85,596.09,63606204.0,582.1440664964006,572.8074801026437,605.3282,64.51432828784979,9.216442791357622,-0.1831564429114465,9.399599234269068,584.6494205635623,591.194,597.7385794364376,2.214020925935524,0.8740500094430117,221227527.0,0.2763296014613831,0.005702620168379191,0.008356593081282337,0.010424826483830738
2025-06-04,596.96,597.95,595.49,595.93,57314199.0,583.4570125443623,573.7142455888146,605.3282,64.34916880146204,9.185209419388002,-0.17151185190485307,9.356721271292855,586.5241727440573,592.8340000000001,599.1438272559428,2.128699519913758,0.7453315973970598,163913328.0,0.2626093498809139,-0.00026841584324532874,0.013951984754904334,0.010118871507563099
2025-06-05,597.63,599.0,591.05,593.05,92436397.0,584.3706303972801,574.4725104676846,605.3282,61.30679118031579,8.826320487851945,-0.4243206267527295,9.250641114604674,587.9285554221445,593.434,598.9394445778554,1.8554530336500532,0.4651254322362467,71476931.0,0.2108351160128575,-0.004832782373768718,0.005084314888568864,0.010275502951537363
2025-06-06,598.66,600.83,596.86,599.14,66588743.0,585.7772370261106,575.4398629983637,605.3282,65.06780977878564,8.93036681798344,-0.2562194372969877,9.186586255280428,590.1397726975432,595.384,600.6282273024568,1.7616285632320676,0.8581080475135362,138065674.0,0.22774768447309504,0.010268948655256738,0.016542527019460795,0.010371732917976158
2025-06-09,599.72,601.25,598.49,599.68,53016418.0,587.1013096902905,576.390456606271,605.3282,65.3890613511229,8.95319095904972,-0.18671623698456585,9.139907196034287,591.3843852566363,596.778,602.1716147433638,1.8075782764658688,0.7690218098697655,191082092.0,0.22898323015288577,0.0009012918516539958,0.011759545140118899,0.010336081366276905
2025-06-10,600.22,603.47,599.09,603.08,66246973.0,588.6230897197867,577.4371053668093,605.3282,67.42063205139813,9.140267525878699,0.00028826387552882693,9.13997926200317,590.5234893009008,598.176,605.8285106990993,2.55861508957205,0.8204177160168641,257329065.0,0.21388738080221273,0.0056696905016009325,0.011726417151772361,0.007614683976610731
2025-06-11,604.19,605.06,599.27,601.36,73658225.0,589.8361287940927,578.3752580975228,605.3282,65.33145565144842,9.045466915549582,-0.07560987716287038,9.121076792712453,591.6621789494866,599.2620000000001,606.8618210505135,2.536393447444847,0.6380295658315671,183670840.0,0.1851209324697784,-0.002852026265172114,0.0091118084338766,0.007589190604902576
2025-06-12,600.01,603.75,599.52,603.75,64129003.0,591.1612593851315,579.3703460152669,605.3282,66.86779369867703,9.058765959701418,-0.04984866640882757,9.108614626110246,597.3507680886154,601.402,605.4532319113847,1.3472625336745343,0.7897883966358074,247799843.0,0.2215904201176285,0.003974324863642353,0.01804232358148572,0.007613621589396953
2025-06-13,598.5,601.85,595.48,597.0,89505996.0,591.717329919881,580.0617049950604,605.3282,58.92551502523701,8.427490100165755,-0.5448996207555936,8.972389720921349,595.5189546289859,600.974,606.4290453710142,1.8154014553089461,0.13575005066720405,158293847.0,0.14522259578407262,-0.011180124223602483,-0.003571786226925222,0.008059349053925406
2025-06-16,600.4,604.45,600.22,602.68,79984125.0,592.7613937370352,580.9486969560384,605.3282,62.916981213797236,8.289966391410644,-0.545938663608565,8.835905055019209,596.170897187743,601.5740000000001,606.9771028122572,1.7963219195833224,0.602348598428563,238277972.0,0.10716151478652414,0.009514237855946295,0.005002668089647777,0.008208801453730092
2025-06-17,600.21,601.75,596.76,597.53,82209365.0,593.2155467144604,581.5989441342329,605.3282,57.46439267944508,7.676921133651945,-0.9271871370938118,8.604108270745757,594.3714701478102,600.464,606.5565298521899,2.0292739788529675,0.25921332589404433,156068607.0,0.02888815867933249,-0.008545164929979365,-0.00920275916959623,0.008465911463445016
2025-06-18,598.44,601.22,596.47,597.44,76605029.0,593.6178755987976,582.2201620113217,605.3282,57.37082068734924,7.101949252118516,-1.2017272149017941,8.30367646702031,593.1694393482722,599.6800000000001,606.1905606517279,2.1713449345410267,0.32797180459369935,79463578.0,-0.02122540779436517,-0.0001506200525495105,-0.006518557935346503,0.008423969497379743
2025-06-20,598.38,599.46,592.86,594.28,94051374.0,593.6809350655788,582.6930968344071,605.3282,54.0433187165044,6.318459040066841,-1.5881739415627756,7.906632981629617,591.6994311800629,597.7860000000001,603.8725688199372,2.036370480385006,0.2119887983098263,-14587796.0,-0.005445384230412975,-0.005289234065345649,-0.0156853002070394,0.007525214068297514
2025-06-23,595.04,600.54,591.89,600.15,87426039.0,594.2970364879046,583.3776812722735,605.3282,58.821212744997936,6.100870309370293,-1.4446101378074596,7.545480447177753,592.0888742702685,598.416,604.7431257297316,2.114624518639711,0.63702904557845,72838243.0,0.06500678009320873,0.00987749882210398,0.0052763819095476006,0.007779676731571796
2025-06-24,604.33,607.8499,603.41,606.78,67735293.0,595.4858901557233,584.2954192615962,605.3282,63.444025759074,6.389758109429977,-0.9245778701982221,7.314335979628199,589.831462797148,599.236,608.640537202852,3.1388425271018425,0.9010830005389424,140573536.0,0.08240642837422817,0.01104723819045228,0.0068029468374593005,0.007802902229651514
2025-06-25,607.91,608.61,605.54,607.12,62114767.0,596.5939006170829,585.1905008591806,605.3282,63.669271688441945,6.570399455808001,-0.5951492190561583,7.1655486748641595,589.7830404978374,601.154,612.5249595021626,3.7830437798509458,0.7623349418694776,202688303.0,0.03599648788403862,0.0005603348824945176,0.01604940337723626,0.0064893567722867545
2025-06-26,608.99,612.31,608.37,611.87,78548361.0,598.0487672249798,586.236755727448,605.3282,66.75153387908348,7.015968608032381,-0.11966405346542253,7.135632661497803,590.3034574947037,604.04,617.7765425052962,4.548222801568193,0.7850062159739654,281236664.0,0.11143141209874778,0.00782382395572534,0.024153053026245264,0.00641445388165823
2025-06-27,612.88,616.39,610.83,614.91,86258398.0,599.6545989178389,587.3611966793128,605.3282,68.588290861739,7.52761431295994,0.3135853211697093,7.214028991790231,596.9199998221679,608.166,619.4120001778322,3.6983324216849067,0.7998399383495275,367495062.0,0.13176789738373876,0.004968375635347355,0.034714276098808616,0.0064345129414684265
2025-06-30,617.38,619.22,615.04,617.85,92502541.0,601.3874942589972,588.5568360252221,605.3282,70.29726301016512,8.07722146852484,0.6905539813876871,7.386667487137153,602.0448344388584,611.706,621.3671655611416,3.1587610914856534,0.8179740560865617,459997603.0,0.11902961884005761,0.004781187490852323,0.02949262684328935,0.006415113450639571
2025-07-01,616.36,618.83,615.52,617.65,70030140.0,602.9363043295689,589.6977444163899,605.3282,70.01818756192299,8.399822841476976,0.8105242834718585,7.589298558005117,604.8926533392895,613.88,622.8673466607105,2.9280467390077867,0.7097393225344855,389967463.0,0.09159860277291361,-0.00032370316419849665,0.01791423580210294,0.006394391852036925
2025-07-02,617.24,620.49,616.61,620.45,66510374.0,604.6042753458005,590.9037152235903,605.3282,71.71138505924766,8.78021055143688,0.95272959474541,7.8274809566914705,610.0113293885784,616.546,623.0806706114217,2.1197674176530827,0.7987143677277591,456477837.0,0.1084196522180314,0.004533311746134583,0.021956120701014603,0.006364826238849774
2025-07-03,622.45,626.28,622.43,625.34,51065789.0,606.5791062652481,592.2541577638417,605.3282,74.42755816969849,9.368261201104247,1.2326241955302208,8.135637005574026,611.3734124297907,619.24,627.1065875702093,2.540723328663935,0.8877157627470321,507543626.0,0.1508145519807717,0.007881376420340036,0.022014480200042597,0.006470351217308832
2025-07-07,623.36,624.03,617.87,620.68,74814505.0,607.9220485257007,593.3688966750636,605.3282,67.75141177230567,9.350485941429383,0.9718791486842857,8.378606792745098,614.1851901301645,620.394,626.6028098698355,2.0015699280894004,0.5230317891830953,432729121.0,0.17915352705544768,-0.007451946141299293,0.00938348701435987,0.006649149662129573
2025-07-08,621.35,622.11,619.52,620.34,59024585.0,609.104710570872,594.4265870015317,605.3282,67.27723757760319,9.202878704459863,0.6594175293718116,8.543461175088051,615.3385974394282,620.8919999999999,626.4454025605717,1.7888465499867052,0.4503007395935044,373704536.0,0.15869121478847764,-0.0005477862988978455,0.0040301043942705395,0.006402211099524384
2025-07-09,622.77,624.72,620.9105,624.06,66113326.0,610.5290238498366,595.5886816289227,605.3282,69.77013537872396,9.27910803498844,0.5885174879203099,8.69059054706813,617.4677998342869,622.174,626.8802001657131,1.5128244400161643,0.7003739677012016,439817862.0,0.1912238316146346,0.0059967114808006095,0.010378045818829396,0.006467310690124842
2025-07-10,624.2,626.8701,623.01,625.82,57528960.0,611.9853072927092,596.7742235258277,605.3282,70.89968826076142,9.373485908935436,0.5463162894938449,8.827169619441591,618.0805944614581,623.248,628.415405538542,1.6582180892813039,0.7488676358780344,497346822.0,0.17327983030182778,0.0028202416434319755,0.008655008461600389,0.0064137113292778245
2025-07-11,622.74,624.86,621.53,623.62,63670226.0,613.093373264832,597.8269990738345,605.3282,67.50424746577048,9.165109759931738,0.27035211239211776,8.89475764753962,618.2272147793859,622.9040000000001,627.5807852206143,1.5016070600330682,0.5765483089584627,433676596.0,0.1994493509538403,-0.0035153878111917614,-0.0027505037259730747,0.006441083430043833
2025-07-14,623.16,625.1581,621.7999,624.81,51898518.0,614.2092424777052,598.8851559728998,605.3282,68.38618476690472,8.99233517299217,0.07806202036204013,8.91427315263013,619.5890339291716,623.73,627.8709660708284,1.327807246990982,0.6304043526953924,485575114.0,0.18535054787751234,0.0019082133350436514,0.0066539923954371805,0.006421568101940846
2025-07-15,627.52,627.86,622.06,622.14,74317260.0,614.9645527179238,599.7971106406293,605.3282,64.177531892467,8.541502261025357,-0.2982167132838196,8.839718974309177,621.3448952661598,624.0899999999999,626.83510473384,0.8797143789646027,0.14482229476321287,411257854.0,0.1696396989350988,-0.004273299082921178,0.0029016345874841587,0.005850786199983061
2025-07-16,623.74,624.73,618.05,624.22,88987511.0,615.8460238876454,600.7548710076635,605.3282,65.93627969122173,8.25687246092582,-0.4662772107066857,8.723149671632505,621.3749142714959,624.1220000000001,626.8690857285043,0.880304084298968,0.5178370844024074,500245365.0,0.2115472999288704,0.003343298935930994,0.0002563856039483614,0.005595279028403245
2025-07-17,624.4,628.4048,624.18,628.04,68885683.0,617.0073549459648,601.8248760661866,605.3282,68.95121111222775,8.24450583736143,-0.3829150674168602,8.62742090477829,620.2038537392989,624.566,628.9281462607012,1.3968567807729328,0.8981984775817156,569131048.0,0.2926592846710116,0.006119637307359538,0.0035473458822024018,0.005112083110359726
2025-07-18,629.3,629.47,626.46,627.58,65621645.0,618.0142735225396,602.8348809263362,605.3282,68.1687730137274,8.104167248103181,-0.4186029253400889,8.52277017344327,620.4507319209414,625.358,630.2652680790585,1.569426817617606,0.7263988806197825,503509403.0,0.3149038796515056,-0.0007324374243677934,0.006350020846028093,0.005129618730011305
2025-07-21,628.77,631.54,628.34,628.77,63374984.0,619.0386284251549,603.851944419421,605.3282,69.14425213911016,7.996788954546332,-0.42078497511755053,8.417573929663883,620.4678877167252,626.15,631.8321122832748,1.8149364475843868,0.7305480664041012,566884387.0,0.32700470331523385,0.0018961725995090273,0.0063379267297258846,0.004798010864882789
2025-07-22,629.1,629.73,626.19,628.86,60046288.0,619.9739971465688,604.8326524814045,605.3282,69.22107637688991,7.8287086509956225,-0.4710922229346082,8.29980087393023,623.6836561835268,627.494,631.3043438164733,1.2144638248248678,0.6792489163437628,626930675.0,0.29774555174415257,0.00014313660002862605,0.010801427331468938,0.0045324631753828485
2025-07-23,631.55,634.21,629.73,634.21,70511036.0,621.3298069421337,605.984705325271,605.3282,73.45246018460944,8.034586377262258,-0.21217159733437896,8.246757974596637,624.1120111524533,629.4920000000001,634.8719888475468,1.7093112692605368,0.9384767453701442,697441711.0,0.32296316721424295,0.008507457939764151,0.016003972958251955,0.004305844117922108
2025-07-24,634.6,636.15,633.99,634.42,71307134.0,622.5764919952638,607.0998149203584,605.3282,73.60584660919666,8.121076488983817,-0.10054518849025484,8.221621677474072,624.2120652840558,630.768,637.3239347159442,2.078715063523896,0.778526263472253,768748845.0,0.28841900767787493,0.0003311206067388994,0.010158588624928244,0.004310801704706291
2025-07-25,635.09,637.5799,634.84,637.1,56865364.0,623.9596832338102,608.2762927666189,605.3282,75.54755959542389,8.310080690600557,0.07076721050118806,8.23931348009937,625.2703055994107,632.672,640.0736944005894,2.3398204442710755,0.7991206986097281,825614209.0,0.27532022834933867,0.004224330884902816,0.015169380796073773,0.004135693978518561
2025-07-28,637.48,638.04,635.54,636.94,54917102.0,625.1959038782093,609.4003597169476,605.3282,75.19191328574469,8.350695598527182,0.0891056947422495,8.261589903784932,627.6407528178087,634.306,640.9712471821914,2.1015873039798976,0.6975920718317623,770697107.0,0.25640618552511457,-0.000251137968921622,0.012993622469265498,0.004105118294884081
2025-07-29,638.35,638.67,634.335,635.26,60556278.0,626.1543892231417,610.4144632574595,605.3282,71.3916036181425,8.153334679113186,-0.08660417973739776,8.239938858850584,632.8501783684412,635.586,638.3218216315588,0.8608816530127449,0.4404200924067048,710140829.0,0.2113545455360953,-0.002637611077966673,0.010177145946633548,0.004153557360910589
2025-07-30,635.92,637.68,631.54,634.46,80418851.0,626.9453997733187,611.3574254826572,605.3282,69.58797370257892,7.841974019411509,-0.31837187155126045,8.16034589096277,633.0193762212148,635.6360000000001,638.2526237787854,0.8233088682155543,0.2752829410298397,629721978.0,0.19128141706313354,-0.001259326889777368,0.0003941911984988167,0.004179166284346885
2025-07-31,639.455,639.85,630.765,632.08,103385246.0,627.4344093187169,612.1700754637294,605.3282,64.37717982984638,7.318805707458296,-0.6732321468035796,7.992037854261875,631.0548406304029,635.1680000000001,639.2811593695974,1.295140614639676,0.12461945641770339,526336732.0,0.082856025374272,-0.0037512215112063263,-0.003688408309952318,0.004257070814228196
2025-08-01,626.3,626.34,619.29,621.72,140103572.0,626.8901798597915,612.544582308289,605.3282,47.650645305940145,5.99907206467492,-1.5943726316695646,7.593444696344484,619.9789789069897,632.0920000000001,644.2050210930105,3.8326766018270715,0.07186568402885651,386233160.0,0.02907816181156771,-0.016390330337931913,-0.024140637262596076,0.005462381541115577
2025-08-04,625.67,631.215,625.58,631.17,73218015.0,627.2977817779065,613.2749908452189,605.3282,58.29499117104287,5.650573375147474,-1.5542970569576084,7.204870432105082,620.1022406819034,630.938,641.7737593180966,3.434809543282104,0.510705294995456,459451175.0,0.08405167641978276,0.01519976838448156,-0.009058938047539988,0.006195351377545883
2025-08-05,631.79,632.6052,627.04,627.97,68051401.0,627.3618025609629,613.8512657140338,605.3282,54.27081623625757,5.0578684374818295,-1.7176015956986026,6.775470033180432,619.635498996916,629.48,639.324501003084,3.127820106463754,0.4233074383593974,391399774.0,0.0670934761445521,-0.005069949458941236,-0.011475616283096679,0.0063303537020230095
2025-08-06,629.05,633.44,628.13,632.78,64357525.0,627.8778213646808,614.5935690193658,605.3282,58.867175098609316,4.919562649424961,-1.4847259070043775,6.404288556429338,620.064389876227,629.144,638.223610123773,2.886337666344437,0.7002288617261151,455757299.0,0.07075957404995321,0.00765960157332346,-0.0026479210667340602,0.006414900691290147
2025-08-07,636.24,636.98,629.11,632.25,74205791.0,628.2942193299492,615.2859780774298,605.3282,58.17333417430188,4.712860819472212,-1.353142189565701,6.066003009037913,620.0423183067862,629.178,638.3136816932138,2.9040054462215044,0.6681319524454299,381551508.0,0.04161216590175629,-0.000837573880337561,0.0002689532970510111,0.006403812142424516
2025-08-08,634.06,637.645,633.74,637.18,64051626.0,629.1404841556683,616.1445671724326,605.3282,62.590323976662845,4.89048347897392,-0.9404156240511954,5.830899103025115,625.631581513665,632.27,638.908418486335,2.099868248164554,0.8698169985898793,445603134.0,0.06396783313878145,0.007797548438117863,0.02486649938879215,0.006526077241164647
2025-08-11,637.46,638.95,634.66,635.92,58742300.0,629.7861523313189,616.9200743421411,605.3282,60.82247347183472,4.873401705318884,-0.7659979181649854,5.639399623483869,626.0319126327157,633.22,640.4080873672843,2.270328595838511,0.687810738937916,386860834.0,0.01894952470876095,-0.0019774631972127032,0.0075257062281159914,0.00655839532449234
2025-08-12,638.29,642.85,636.79,642.69,64821798.0,631.0150902045267,617.9306596620572,605.3282,66.32594322632475,5.344538188007277,-0.23588914838127373,5.580427336388551,627.7704715405434,636.164,644.5575284594565,2.6387939146058397,0.8887518837591816,451682632.0,0.11110267927311604,0.010645993206692905,0.023440610220233582,0.0067833708611106935
2025-08-13,644.91,646.19,642.68,644.89,60092790.0,632.3365101850479,618.9878886949177,605.3282,67.90381490854709,5.82825437030715,0.19826162713487872,5.629992743172271,628.299478722148,638.586,648.872521277852,3.2216557449903345,0.8064204034445143,511775422.0,0.07133567164176031,0.0034231122314023477,0.019137773001675074,0.00678444406011921
2025-08-14,642.79,645.62,642.34,644.95,59327466.0,633.537794929329,620.0060107068817,605.3282,67.94792577971133,6.145601756777978,0.4124872108845654,5.733114545893413,632.5289004891359,641.126,649.723099510864,2.681875173012494,0.722400589592323,571102888.0,0.05633002142005428,9.303912295122174e-05,0.02008699090549637,0.006708988564184795
2025-08-15,645.99,646.09,642.5153,643.44,68592507.0,634.4808620789167,620.9249906791609,605.3282,65.50788991458415,6.203744560915766,0.3765040120178824,5.827240548897883,634.9042940919718,642.378,649.8517059080283,2.326887255799,0.5710490895058643,502510381.0,0.04469512376838412,-0.0023412667648654573,0.009824539376628527,0.006744829602553455
2025-08-18,642.86,644.0,642.18,643.3,43804914.0,635.3207799761627,621.8024420250763,605.3282,65.27384727424922,6.167432005058799,0.2721531649287323,5.895278840130067,641.8272489053434,643.854,645.8807510946567,0.6295685340641433,0.3633280619754807,458705467.0,0.08571946429667836,-0.00021758050478692947,0.01160523336268704,0.0067510636531907045
2025-08-19,643.12,644.105,638.48,639.81,69750731.0,635.7483247403377,622.508620769191,605.3282,59.561086182587495,5.7902933130903875,-0.08398842163174347,5.874281734722131,639.1009340441293,643.278,647.4550659558707,1.2986814272742784,0.08487607849165935,388954736.0,0.037299910498852715,-0.005425151562257091,-0.004481165102926954,0.006908390393386573
2025-08-20,639.4,639.66,632.95,638.11,88890298.0,635.9732461936388,623.120439562556,605.3282,56.94662027390484,5.293215496726702,-0.4648529903963432,5.758068487123046,636.2330739150788,641.922,647.6109260849213,1.7724664631906253,0.164963128093378,300064438.0,0.020902870996230782,-0.0026570388083961838,-0.010513420893485614,0.006708318687410676
2025-08-21,636.28,637.97,633.81,635.55,54805775.0,635.93293703234,623.6078733052009,605.3282,53.16220255496469,4.639228996764018,-0.8950715922872226,5.534300589051241,633.2504258084225,640.042,646.8335741915776,2.1222276636775472,0.1692961106446598,245258663.0,0.04524893898499794,-0.004011847487110476,-0.014574773238235639,0.006778138063256206
2025-08-22,637.76,646.5,637.25,645.31,84083214.0,636.8259906483075,624.4589370971538,605.3282,63.20245247984607,4.852553203382854,-0.54539790853471,5.397951111917564,632.5654254987485,640.4159999999999,648.2665745012514,2.4517109195433777,0.8116969337224845,329341877.0,0.06214942654086969,0.015356777594209836,0.002906253885365917,0.007547192583754761
2025-08-25,644.04,645.29,642.35,642.47,51274332.0,637.3635153484687,625.1652532894224,605.3282,59.22413024856686,4.737835095139644,-0.5280928134223357,5.26592790856198,632.6740380148987,640.25,647.8259619851013,2.3665636814061206,0.6465160466991394,278067545.0,0.024836307010207198,-0.004400985572825311,-0.0012902222913103722,0.007630362142674961
2025-08-26,642.2,645.51,641.57,645.16,51581565.0,638.1060376962336,625.9493610035627,605.3282,61.684280512755635,4.808550707255222,-0.36590176104540717,5.174452468300629,632.6260250748179,641.32,650.0139749251822,2.711275159103769,0.7208425969160169,329649110.0,0.07917443587542218,0.004186965928370201,0.00836185742642348,0.00763714423183198
2025-08-27,644.57,647.37,644.42,646.63,48341069.0,638.9178436299255,626.7603664544034,605.3282,62.998089672514375,4.926421335468262,-0.1984249062658936,5.124846241734156,634.1381055599512,643.024,651.9098944400488,2.763783137192014,0.7029058540099086,377990179.0,0.10113490825451486,0.0022785045570090645,0.01335192991803913,0.007627873547587471
2025-08-28,647.24,649.48,645.34,648.92,61519461.0,639.8704299508851,627.6293716914857,605.3282,65.01084763250392,5.145306627253717,0.016368308415648514,5.128938318838069,640.9958855820306,645.698,650.4001144179693,1.4564438539284215,0.8426118245535394,439509640.0,0.19195113623359972,0.0035414379165827903,0.021036897175674696,0.007563939791827446
2025-08-29,647.47,647.84,643.14,645.05,74522192.0,640.363722336515,628.3125335859372,605.3282,59.15464095704188,4.949444031048415,-0.1435954302317235,5.093039461280139,640.916759046139,645.646,650.375240953861,1.4649640681924754,0.43698777395625993,364987448.0,0.22478269598224762,-0.005963755162423756,-0.0004029071299065379,0.00657162650789229
2025-09-02,637.5,640.49,634.92,640.27,81983545.0,640.354796399704,628.7814538374691,605.3282,52.82509615860326,4.358275968140788,-0.5878107945114808,4.946086762652269,638.8646972947447,645.206,651.5473027052553,1.96566761786323,0.11080552140261689,283003903.0,0.22593394984034104,-0.007410278273002002,-0.0034242844023846253,0.006083404264937244
2025-09-03,642.67,644.21,640.46,643.74,70820898.0,640.6771967425893,629.3680634909017,605.3282,56.466690776609276,4.122252261097515,-0.6590676012438035,4.781319862341318,638.4446641279243,644.922,651.3993358720758,2.0087191542778013,0.4087587842174664,353824801.0,0.3013833869487891,0.005419588611054849,-0.002201004402008766,0.006008441989433118
2025-09-04,644.42,649.15,643.51,649.12,65219228.0,641.481273243295,630.1426492363566,605.3282,61.43705538103542,4.319529957732016,-0.3694319236874417,4.688961881419457,637.9754180775765,645.4200000000001,652.8645819224237,2.3068953309236138,0.748502873536476,419044029.0,0.31365295865220233,0.008357411377264201,0.0038507338044941886,0.006049458200629326
2025-09-05,651.48,652.21,643.33,647.24,85178935.0,642.0297234106004,630.813133580029,605.3282,58.90608544665342,4.274895333069821,-0.3312532386797091,4.6061485717495305,638.307590921463,645.084,651.8604090785369,2.1009385067795736,0.6590813050844876,333865094.0,0.3147104020979038,-0.002896228740448592,-0.0025889169697342895,0.006104876427974795
2025-09-08,648.62,649.84,647.23,648.83,63133104.0,642.6773688000669,631.5196773612043,605.3282,60.39222963601851,4.31804603644764,-0.23048202824151254,4.548528064689153,638.2839825304812,645.8400000000001,653.396017469519,2.3399038367146368,0.6978555510268208,396998198.0,0.2885051508136925,0.0024565848835054194,0.005860010851872044,0.005914471120606646
2025-09-09,648.97,650.86,647.22,650.33,66133856.0,643.4061908191082,632.2573370725297,605.3282,61.795922118562586,4.4223031854022565,-0.10097990342951668,4.523283088831773,642.7541690887531,647.8520000000001,652.9498309112471,1.5737640421722865,0.7430445461159674,463132054.0,0.3410054166140639,0.0023118536442519044,0.015712121448763883,0.005881441173095961
2025-09-10,653.62,654.55,650.63,652.21,78034529.0,644.244648836336,633.0397944422344,605.3282,63.53997563353466,4.603561029336561,0.06422235240382967,4.539338676932731,645.8415000337892,649.546,653.2504999662109,1.1406428386013758,0.8595626973003948,541166583.0,0.2799443009285461,0.002890840035059128,0.013157485941529323,0.00546225841299938
2025-09-11,654.18,658.33,653.59,657.63,69934360.0,645.5194441852564,634.0041162288135,605.3282,68.06611536794021,5.125474599036124,0.4689087376827139,4.65656586135341,643.2224856862848,651.248,659.2735143137153,2.464656878398163,0.897606916549473,611100943.0,0.3030897852812891,0.008310206835221656,0.01311005669213694,0.005692608338034103
2025-09-12,657.6,659.11,656.9,657.41,72780135.0,646.6518780723749,634.921994023762,605.3282,67.69874872258838,5.458421417472664,0.6414844448954025,4.8169369725772615,645.1808099639844,653.2819999999999,661.3831900360154,2.480151002481474,0.7547773834244209,538320808.0,0.24506432138238202,-0.0003345346167298313,0.015712873122798232,0.005696971020858087
2025-09-15,659.64,661.04,659.34,660.91,63772412.0,648.0097944464344,635.9411315130262,605.3282,70.43281352653604,5.9362752334276365,0.8954706086803004,5.040804624747336,647.0487179488917,655.6980000000001,664.3472820511084,2.638190768039049,0.8012966838867276,602093220.0,0.3106916711079881,0.005323922666220504,0.018618128015042368,0.005720089331631099
2025-09-16,661.47,661.78,659.21,660.0,61168953.0,649.1517187848692,636.8846165517311,605.3282,68.8022044966513,6.170419673467222,0.9036920389759091,5.266727634491313,650.8644243632144,657.6320000000001,664.3995756367857,2.058164942334204,0.6749518680758074,540924267.0,0.2820277877849256,-0.0013768894403171084,0.014869374010117786,0.00574270229419928
2025-09-17,660.01,661.72,654.3,659.18,101952244.0,650.1067931863101,637.7589453144084,605.3282,67.29043599801685,6.218134893743695,0.7611258074019052,5.45700908634179,656.0123444125767,659.0260000000001,662.0396555874235,0.9145786622753537,0.5255503649193618,438972023.0,0.32491749320702307,-0.001242424242424267,0.010686742000275862,0.005558176931367716
2025-09-18,661.89,664.89,660.27,662.26,90459242.0,651.2642414542806,638.7197709883532,605.3282,69.96036174697834,6.430354682920438,0.778676477262918,5.65167820565752,656.3044419127856,659.952,663.5995580872144,1.1054010252910533,0.816376044577618,529431265.0,0.28134033671458486,0.004672471858976346,0.00704043307026736,0.005510602746161306
2025-09-19,662.33,664.55,660.37,663.7,97945620.0,652.4485994110158,639.6993878123393,605.3282,71.14619593159493,6.638215148139693,0.7892295539857388,5.848985594153954,657.6075563849527,661.21,664.8124436150474,1.0896518851945305,0.8455987471392057,627376885.0,0.31949247647596757,0.0021743726029053168,0.009567849591579192,0.00533364734902646
2025-09-22,662.2,667.29,662.17,666.84,69452201.0,653.8192089909192,640.7637255451888,605.3282,73.59403648561991,6.97590394398776,0.9015346798670443,6.074369264120715,656.2680704965227,662.3960000000001,668.5239295034775,1.8502314336069026,0.8626020826021369,696829086.0,0.319120232239102,0.004731053186680656,0.008972477341846918,0.0043997758742449
2025-09-23,666.72,667.34,661.98,663.21,81708872.0,654.713570039403,641.6439716022402,605.3282,66.56365533725034,6.871404807470071,0.6376284346794847,6.233776372790587,657.5232488723802,663.0380000000001,668.55275112762,1.663479658064813,0.5155945387216545,615120214.0,0.3144269342919926,-0.005443584667986334,0.004863636363636514,0.004480694457626742
2025-09-24,664.51,664.61,659.67,661.1,68082229.0,655.3218014642217,642.4069531080347,605.3282,62.80778787700454,6.542906568802778,0.24730415680975248,6.295602411993025,659.1153911253075,663.4220000000001,667.7286088746928,1.2983014957877916,0.23041433903539305,547037985.0,0.2626169008651372,-0.003181496057055866,0.0029127097302710236,0.004558983250278308
2025-09-25,657.94,659.4056,654.405,658.05,89622067.0,655.5816298962006,643.0204059273275,605.3282,57.73642108903471,5.967668272766559,-0.2623473113811734,6.230015584147733,656.0600153374731,662.5800000000002,669.0999846625272,1.9680596041314278,0.1526065447641354,457415918.0,0.2666485137586904,-0.004613522916351642,-0.0063570199015492435,0.004732795810547031
2025-09-26,659.51,662.37,657.88,661.82,69179209.0,656.1757603822767,643.7576449105696,605.3282,61.83815157845283,5.749716123190865,-0.38423956876549514,6.13395569195636,655.791003820398,662.2040000000001,668.6169961796021,1.9368642229892998,0.4700607961360236,526595127.0,0.2701408247067147,0.005729047944685206,-0.002832605092662366,0.004821829259270343
2025-09-29,664.36,665.28,661.86,663.68,73499015.0,656.890449869679,644.5389137376061,605.3282,63.70948125065232,5.661808129954238,-0.3777180496016985,6.039526179555937,657.1205418119908,661.572,666.0234581880092,1.345721459798527,0.7367763450725252,600094142.0,0.2826123664900426,0.0028104318394728267,-0.004738767920340781,0.004546601201273285
2025-09-30,662.93,666.65,661.61,666.18,86288028.0,657.7751689297096,645.3875837871118,605.3282,66.11464520632614,5.727842515538555,-0.24934693121390605,5.977189446752461,656.1160479341081,662.1659999999999,668.2159520658918,1.8273218697099611,0.8317381655492755,686382170.0,0.27832916653724404,0.0037668756027000594,0.004478219568462283,0.004063475396134368
2025-10-01,663.17,669.37,663.06,668.45,72545369.0,658.7918195078325,646.2919922660486,605.3282,68.17699902243986,5.895386920021565,-0.06544202138471711,5.960828941406282,655.6266479663099,663.636,671.6453520336901,2.4137786478401133,0.8005236865448496,758927539.0,0.27691552953926524,0.0034074874658502896,0.011117833913175001,0.003998571156997155
2025-10-02,670.45,670.565,666.78,669.22,56895993.0,659.7849795547056,647.1911298242428,605.3282,68.86913570499243,6.020894508490869,0.04805245366766986,5.972842054823199,659.6111183107879,665.8700000000001,672.1288816892123,1.8799110004091537,0.7676196936086805,815823532.0,0.24676558620598232,0.0011519186176975893,0.016974394043006047,0.0036988125777804967
2025-10-03,669.99,672.675,668.16,669.21,70494350.0,660.6826005494956,648.0546149291745,605.3282,68.8481927847929,6.049814761468497,0.06157816531623794,5.988236596152259,662.5517222766459,667.3480000000001,672.1442777233542,1.4374142796124771,0.6941088597657176,745329182.0,0.23085502535476066,-1.4942769194004057e-05,0.011166178114895287,0.003571151889541827
2025-10-06,671.62,672.51,669.455,671.61,54623260.0,661.7233052590675,648.9783555201873,605.3282,71.11822689041007,6.19498231281591,0.16539657333092084,6.029585739484989,665.0432777020804,668.9340000000001,672.8247222979197,1.1632604406173515,0.8438950142279216,799952442.0,0.23763450146279566,0.0035863181960820167,0.011948529411764719,0.0035930084579266575
2025-10-07,672.54,672.99,667.67,669.12,72020067.0,662.4277523772515,649.7682239311604,605.3282,65.76384752667194,6.039487006175705,0.007921013352572004,6.031565992823133,667.1014463444238,669.5220000000002,671.9425536555765,0.7230691913264469,0.4169611466628609,727932375.0,0.1836277501223647,-0.00370750882208426,0.004413221651805799,0.003788740636436188
2025-10-08,670.25,673.2056,669.42,673.11,60702241.0,663.4451092937037,650.6835876985658,605.3282,69.70045856244391,6.167124734521053,0.10844699335833585,6.058677741162717,666.815247466574,670.4540000000002,674.0927525334264,1.0854592659380695,0.8649602405771425,788634616.0,0.23483592860120425,0.005963055954088858,0.006971351634377898,0.003911298556499007
2025-10-09,673.53,673.94,669.21,671.16,66501941.0,664.1798607895414,651.4865842594064,605.3282,65.72303740965475,6.041289624426781,-0.0139104933887495,6.055200117815531,667.4562238704378,670.842,674.2277761295621,1.0094108984118901,0.546961167518348,722132675.0,0.19419098256504044,-0.0028970004902616475,0.0028988972236334565,0.0036939527920102863
2025-10-10,672.13,673.95,652.84,653.02,159422589.0,663.1170169048232,651.546718210018,605.3282,41.817049856071364,4.426788730484873,-1.3027291098645266,5.729517840349399,651.0510389356,667.604,684.1569610644001,4.958916083306885,0.059474587559883045,562710086.0,0.10842409764907503,-0.027027832409559527,-0.0241927048310695,0.007286470544985975
2025-10-13,660.65,665.13,659.7679,663.04,79560517.0,663.1096819615067,651.9974351429585,605.3282,52.166873572783445,3.9107348821771666,-1.455026366537787,5.3657612487149535,649.6390431051104,665.8900000000001,682.1409568948898,4.88097340248079,0.4123128558387735,642270603.0,0.0842848345927652,0.01534409359590816,-0.012760381769181595,0.00800341374419372
2025-10-14,657.17,665.83,653.17,662.23,88779560.0,663.0259027270776,652.3987121961758,605.3282,51.37133715491031,3.3972370251592565,-1.5748193788445581,4.972056404003815,648.4632654704624,664.5120000000001,680.5607345295377,4.830231667611023,0.42890405172445156,553491043.0,0.12126285354792465,-0.0012216457528956282,-0.010297106647537024,0.00800188760698424
2025-10-15,666.82,670.23,658.93,665.17,81702555.0,663.2301024673559,652.899547012012,605.3282,54.10697697545197,3.1907388519950928,-1.4250540416069777,4.6157928936020705,649.829706586471,662.924,676.0182934135289,3.950465939844969,0.5857625504893387,635193598.0,0.10794737709963032,0.0044395451731271685,-0.011795991739834588,0.008048733498486449
2025-10-16,666.82,668.71,657.11,660.64,110563346.0,662.9834260418935,653.2030941880115,605.3282,49.48745279784196,2.631223316302453,-1.587655661839694,4.218878978142147,651.5081043820493,660.82,670.1318956179508,2.818285045231914,0.4903349432067799,524630252.0,0.08750039317842433,-0.006810289099027256,-0.015674354848322247,0.008143186697607704
2025-10-17,659.5,665.755,658.14,664.39,96500870.0,663.1173854664751,653.6417963767169,605.3282,53.060205126123044,2.4620162918560027,-1.4054901490289158,3.8675064408849185,659.521757007203,663.094,666.6662429927972,1.077446935968988,0.6813986342212901,621131122.0,0.08993808628894205,0.005676313877452266,0.017411411595356974,0.0082316235071
2025-10-20,667.32,672.21,667.27,671.3,60492650.0,663.8966820887155,654.3342749501791,605.3282,58.83764364751014,2.8526145913141363,-0.8119134796566261,3.6645280709707624,656.5942566282071,664.7460000000001,672.8977433717931,2.4525889202170545,0.9019998975113873,681623772.0,0.07853720376907326,0.010400517768178297,0.012457770270270174,0.008493515990301749
2025-10-21,671.44,672.99,669.981,671.29,56249034.0,664.600807604076,654.9992053442897,605.984536318408,58.82635939610716,3.1253327508177335,-0.43135625612242334,3.556689006940157,657.2559636638234,666.5580000000001,675.8600363361768,2.791065844585672,0.7543529088139855,625374738.0,0.10325467921973341,-1.4896469536673784e-05,0.013681047370248889,0.008384058267929522
2025-10-22,672.0,672.0,663.3,667.8,80564006.0,664.905492594164,655.5011972915725,606.5996155590209,54.87113153614459,3.024979938453498,-0.425367254789327,3.450347193242825,657.8774523300237,667.0840000000001,676.2905476699764,2.76023639301087,0.5388853686346978,544810732.0,0.12226573849956138,-0.005198945314245695,0.003953876452636118,0.008444367302332341
2025-10-23,668.12,672.7101,667.8,671.76,65604461.0,665.5583028232912,656.1387973977853,607.2479775932595,58.29736881309192,3.227780670208631,-0.17805321842735555,3.4058338886359865,662.954301864306,669.3080000000001,675.6616981356942,1.8985872380709974,0.6929584902865402,610415193.0,0.12362341852162644,0.005929919137466433,0.01683216275127153,0.008434909684795197
2025-10-24,676.46,678.47,675.65,677.25,74356527.0,666.6717977925016,656.9666876959113,607.944515129645,62.543136624840685,3.7878350250573476,0.3056009091370884,3.482234115920259,665.0842513289929,671.8800000000001,678.6757486710073,2.0229054804450888,0.8950999558672597,684771720.0,0.0962836480392336,0.008172561629153252,0.019356101085205912,0.008523246329709711
2025-10-27,682.73,685.54,682.115,685.24,63293828.0,668.4401980027395,658.0754450411697,608.7136244318375,67.69763309930158,4.820836755778487,1.0708821118865819,3.749954643891905,661.0492379417412,674.668,688.2867620582588,4.037174449731947,0.8881410055765263,748065548.0,0.12740466762331584,0.011797711332595107,0.020765678534187426,0.00884417017832506
2025-10-28,687.05,688.905,684.83,687.06,61737972.0,670.213512478669,659.2120942552416,609.4931903578888,68.75245710514402,5.7204154706651025,1.5763686614185577,4.144046809246545,661.1521805648822,677.8220000000001,694.491819435118,4.91864219075743,0.7770875844203313,809803520.0,0.08745068314727907,0.002656003735917345,0.023492082408496984,0.008833573024700834
2025-10-29,688.72,689.7,682.87,687.39,85340645.0,671.8493684330815,660.3171101668008,610.2682829911437,68.95044030561166,6.386348475540217,1.793841333034937,4.59250714250528,667.8751018756216,681.74,695.6048981243785,4.067503190183484,0.7037519478800088,895144165.0,0.07134089792939258,0.0004803073967338811,0.029335130278526522,0.00882597514897088
2025-10-30,683.9,685.94,679.83,679.83,76335751.0,672.6094285823118,661.0823215328086,610.9604393792915,59.629380323755406,6.232235035194094,1.311782314151051,4.920452721043043,674.2294112421779,683.3540000000002,692.4785887578224,2.6705305764866423,0.30689540682153577,818808414.0,0.011154404294580212,-0.010998123336097287,0.012013219006788312,0.009254263536817981
2025-10-31,685.04,685.08,679.24,682.06,87164122.0,673.509483003044,661.9049755903455,611.6678976939254,61.29164701513003,6.218360003182852,1.0383258257118468,5.180034177471005,677.7550153178531,684.316,690.8769846821469,1.9175306969724246,0.3280745871775249,905972536.0,0.032991216221534704,0.0032802318226614613,0.007102251753414501,0.009267793843977995
2025-11-03,685.67,685.8,679.94,683.34,57315025.0,674.4457227170399,662.7455647828809,612.381052940752,62.25240577874214,6.238733012254443,0.8469590678267496,5.391773944427693,677.4226813374923,683.936,690.4493186625077,1.904657354637769,0.4542475939776499,963287561.0,0.024574220584181874,0.0018766677418409206,-0.0027727511528806703,0.009250478861733332
2025-11-04,676.11,679.96,674.58,675.24,78426969.0,674.5213681725598,663.2355426345327,613.0065151005456,53.245913576357054,5.537444252840487,0.11653624673023444,5.420908006110253,672.6086367919515,681.572,690.5353632080485,2.630202886283023,0.14678436804199188,884860592.0,0.00786300663590848,-0.01185354289226448,-0.01720373766483263,0.009635669080516704
2025-11-05,674.98,680.86,674.17,677.58,74402176.0,674.8126664418398,663.798070374355,613.6490373383511,55.25970240869011,5.111563381472365,-0.2474756997103107,5.359039081182676,673.038729194485,679.6100000000001,686.1812708055153,1.9338358192243064,0.3455397700018433,959262768.0,-0.027228791523315685,0.0034654345121734043,-0.01427137432898351,0.009577143389127993
2025-11-06,676.47,677.38,668.72,670.31,85035298.0,674.3838410664265,664.053440163596,614.2128280116015,48.2992428801954,4.139701577620258,-0.975470002849935,5.115171580470193,667.1467803318883,677.706,688.2652196681117,3.116165318917561,0.14978472688016922,874227470.0,-0.052884769829586765,-0.010729360370731245,-0.014003500875218955,0.009873524003526599
2025-11-07,667.91,671.08,661.205,670.97,100563537.0,674.0587133458145,664.3246778042392,614.7775759915856,48.92817668980431,3.383744875711841,-1.3851413638066825,4.768886239518523,664.8430068107368,675.488,686.1329931892633,3.1517934261639677,0.2877875579781028,974791007.0,0.10818687599963743,0.000984619056854319,-0.016259566607043197,0.007554758913209789
